id,name,english_name,type,org,group_name,photo_url,twitter,video_count,subscriber_count,clip_count,published_at,inactive,kind,main_idol_ids_json,topic_idol_ids_json,linked_idol_ids_json,updated_at
UCrEgFGxfrKGyy17V9csSa5w,Blue Journey,,vtuber,Hololive,,https://yt3.ggpht.com/8ek8V2m9_rXFTTCkcJJwfYJyEONv8z4-W2Pj4x5G-wXNYuO33feTrGrBTBCjNKXPilvy6oGaeQ=s800-c-k-c0x00ffffff-no-rj,,,,,,0,group,[],[],[],2026-07-01T22:28:55.536Z
UCnVbtCwr-5LXxUlGxsgD7sQ,Midnight Grand Orchestra,Midnight Grand Orchestra,vtuber,Hololive,,https://yt3.ggpht.com/xw973Y1LNOonqa1rTs0AIEojwoEk20dqBTOM9girxa0ATdQ4GWD8paQxAl5OyxelF5YoEraK5w=s800-c-k-c0x00ffffff-no-rj,,,,,,0,group,[],[],[],2026-07-01T22:28:55.536Z
UC3OH5FKQ3qtl4uRme_vZTgA,UNIT B (Pre-Debut) - mekPark,UNIT B [Pre-Debut],vtuber,Hololive,mekPark,https://yt3.ggpht.com/F891KmsWcmA-_LLQJuh0lQXn-gSf1CXnOgzvyoNYdm07e0BqldmGwX1RQe9Rpg3WavqKEMAREw=s800-c-k-c0x00ffffff-no-rj,Unit_B_official,42,97000,130,,0,group,[],[],[],2026-07-01T22:28:55.536Z
UCu2n3qHuOuQIygREMnWeQWg,hololive DEV_IS FLOW GLOW,,vtuber,Hololive,,https://yt3.ggpht.com/f9oGulIUN9RbJyNpc-WT3d5aJGJ_9p1Mug3WV6ZkBBQtImvYSusfmMbW03KMY8jZf1kJsHu3jOs=s800-c-k-c0x00ffffff-no-rj,,,,,,0,group,[],[],[],2026-07-01T22:28:55.536Z
UC10wVt6hoQiwySRhz7RdOUA,hololive DEV_IS ReGLOSS,,vtuber,Hololive,Official,https://yt3.ggpht.com/VSEPzRMRZy7FNnZmFujYmVgG24tdNxaLYxfbnQT998wkxBBKm-1VAOq-rbsNZJ-hghM4Ov3FyQ=s800-c-k-c0x00ffffff-no-rj,hololivetv,728,585000,1210,,0,group,[],[],[],2026-07-01T22:28:55.536Z
UCotXwY6s8pWmuWd_snKYjhg,hololive English,,vtuber,Hololive,,https://yt3.ggpht.com/RhkoXVesjeO80YBwpSvFz_WtaEptXbXLZ0JncX9zzI4q9eYzlgOnNapKkFd5mzjj1kVTUHytJA=s800-c-k-c0x00ffffff-no-rj,,,,,,0,group,[],[],[],2026-07-01T22:28:55.536Z
UCfrWoRGlawPQDQxxeIDRP0Q,hololive Indonesia,,vtuber,Hololive,Official,https://yt3.ggpht.com/ytc/AIdro_nqRoQYVOioAVLFHDrRP_y8Ri4zAUoq3kxEdHrQQLyrp44=s800-c-k-c0x00ffffff-no-rj,hololive_id,263,589000,478,,0,group,[],[],[],2026-07-01T22:28:55.536Z
UCJFZiqLMntJufDCHc6bQixg,hololive ホロライブ - VTuber Group,hololive VTuber Group,vtuber,Hololive,,https://yt3.ggpht.com/aDD5WjpOtpuZO8QLEVnDI5pX-fjUNcKo5XM0gTpMvWlCxwG5dowWHAUhaooKl7nCstEM_-87=s800-c-k-c0x00ffffff-no-rj,,,,,,0,group,[],[],[],2026-07-01T22:28:55.536Z
UC0TXe_LYZ4scaW2XMyi5_kw,AZKi Channel,AZKi,vtuber,Hololive,0th Generation,https://yt3.ggpht.com/tRZGMhn8vSvYE0_15SjaE_3dTH5JTZzjdnb5gs1StecT1tKn1gQ2tVkRfi_n42Q5fYz13ewdayo=s800-c-k-c0x00ffffff-no-rj,AZKi_VDiVA,1356,1320000,6472,,0,idol,"[""azki""]",[],"[""azki""]",2026-07-01T22:28:55.536Z
UCAoy6rzhSf4ydcYjJw3WoVg,Airani Iofifteen Channel hololive-ID,Airani Iofifteen,vtuber,Hololive,Indonesia 1st Gen (AREA 15),https://yt3.ggpht.com/ghhBoD-8O908tlUkF45A49D5jbEOkzYR7dgxweO-sOdtlOvE21BLtVSpn6w4sapj4YEtAVoc=s800-c-k-c0x00ffffff-no-rj,airaniiofifteen,1737,822000,3682,,0,idol,"[""airani-iofifteen""]",[],"[""airani-iofifteen""]",2026-07-01T22:28:55.536Z
UC727SQYUvx5pDDGQpTICNWg,Anya Melfissa Ch. hololive-ID,Anya Melfissa,vtuber,Hololive,Indonesia 2nd Gen (holoro),https://yt3.ggpht.com/I1hkzp7Vty4M-KkSccRORE32t4cFq2HI2uAB1t4BPlwej6_XJ4eRlpy7NNZ9x4JBnqlkOnGz=s800-c-k-c0x00ffffff-no-rj,anyamelfissa,1195,787000,5083,,0,idol,"[""anya-melfissa""]",[],"[""anya-melfissa""]",2026-07-01T22:28:55.536Z
UCMGfV7TVTmHhEErVJg1oHBQ,Ao Ch. 火威青 ‐ ReGLOSS,Hiodoshi Ao,vtuber,Hololive,DEV_IS ReGLOSS,https://yt3.ggpht.com/nVC4JesCnpLsaI14cM-c3PSecCq9MvnSiLk4V-MuLrY_OL9UYRXnXFUUUy-bCn4iub7j4V0ZOA=s800-c-k-c0x00ffffff-no-rj,hiodoshiao,585,729000,2831,2023-07-21T06:48:30.154Z,0,idol,"[""hiodoshi-ao""]",[],"[""hiodoshi-ao""]",2026-07-01T22:28:55.536Z
UC1opHUrw8rvnsadT-iGp7Cg,Aqua Ch. 湊あくあ,Minato Aqua,vtuber,Hololive,2nd Generation,https://yt3.ggpht.com/ytc/AIdro_kaZLtKaya9TSJr3M4lpzV95R2rWdQtGk67fwedroUfSnE=s800-c-k-c0x00ffffff-no-rj,minatoaqua,788,2220000,15953,,0,idol,"[""minato-aqua""]",[],"[""minato-aqua""]",2026-07-01T22:28:55.536Z
UCOyYb1c43VlX9rc_lT6NKQw,Ayunda Risu Ch. hololive-ID,Ayunda Risu,vtuber,Hololive,Indonesia 1st Gen (AREA 15),https://yt3.ggpht.com/8dYniYG0Fm49TBxwOW39wDzM25P3aAU7r-wecNaOz5a3I1t8dsYbS5OPZXFeHYQpmVRrY9KrSg=s800-c-k-c0x00ffffff-no-rj,ayunda_risu,1614,992000,5023,2020-03-03T07:34:08.504Z,0,idol,"[""ayunda-risu""]",[],"[""ayunda-risu""]",2026-07-01T22:28:55.536Z
UCUKD-uaobj9jiqB-VXt71mA,Botan Ch.獅白ぼたん,Shishiro Botan,vtuber,Hololive,5th Generation (holoFive),https://yt3.ggpht.com/WSOgf5zOOFKQN8pQB8VL8R6OSO0j81oGQSSzN22m8mts4VWZSPHDou7II8Lk4JA3OlQL-Iuu=s800-c-k-c0x00ffffff-no-rj,shishirobotan,1618,1580000,16189,2020-04-13T03:59:45.278Z,0,idol,"[""shishiro-botan""]",[],"[""shishiro-botan""]",2026-07-01T22:28:55.536Z
UCvN5h1ShZtc7nly3pezRayg,Cecilia Immergreen Ch. hololive-EN,Cecilia Immergreen,vtuber,Hololive,English -Justice-,https://yt3.ggpht.com/sSuJylnDA4Si69bKWVzwUhrOhgIkBCzGE6DHgDyHCJux8TKi7WU8GyKaKZHEN0a3QG7s2yJ399g=s800-c-k-c0x00ffffff-no-rj,ceciliaimgreen,432,520000,4704,2024-04-03T06:27:22.304Z,0,idol,"[""cecilia-immergreen""]",[],"[""cecilia-immergreen""]",2026-07-01T22:28:55.536Z
UCO_aKKYxn4tvrqPjcTzZ6EQ,Ceres Fauna Ch. hololive-EN,Ceres Fauna,vtuber,Hololive,English -Promise-,https://yt3.googleusercontent.com/TxZ0xm54BKwYJGEoMPda7gK5iPu7Eh0CxLPM4EU9blg4m6ATy5d8NtwBVSOOZFbRdB67PtUf=s800-c-k-c0x00ffffff-no-rj,ceresfauna,735,1010000,10750,2021-07-26T15:38:58.797Z,0,idol,"[""ceres-fauna""]",[],"[""ceres-fauna""]",2026-07-01T22:28:55.536Z
UCKMWFR6lAstLa7Vbf5dH7ig,Chihaya Ch. 輪堂 千速 - FLOW GLOW,Rindo Chihaya,vtuber,Hololive,DEV_IS FLOW GLOW,https://yt3.ggpht.com/VW2sZveoSaP-ZrCVPqNdM57LyRWIaTAVpSeWjcWScm3v1lqHqgNL2_bKZSX1jvuKBDehi0fFPQ=s800-c-k-c0x00ffffff-no-rj,rindochihaya,635,577000,1655,2024-08-01T08:43:34.503Z,0,idol,"[""rindo-chihaya""]",[],"[""rindo-chihaya""]",2026-07-01T22:28:55.536Z
UCIBY1ollUsauvVi4hW4cumw,Chloe ch. 沙花叉クロヱ - holoX -,Sakamata Chloe,vtuber,Hololive,6th Generation -holoX-,https://yt3.ggpht.com/laCUmozlesp2wZd9k_DCDG_AYgQRGJm0yiL5pigqWAJE1TzYaOXQ6VcfEGacl8L-gpgR07I7HA=s800-c-k-c0x00ffffff-no-rj,sakamatachloe,649,1370000,12468,2021-09-12T06:13:43.713Z,0,idol,"[""sakamata-chloe""]",[],"[""sakamata-chloe""]",2026-07-01T22:28:55.536Z
UC1suqwovbL1kzsoaZgFZLKg,Choco Ch. 癒月ちょこ,Yuzuki Choco,vtuber,Hololive,2nd Generation,https://yt3.ggpht.com/gv-5tmPSiFipkP01atgnCS6WwdxzUxfermmqGw_UhuDNtRFmbdb2NALcL6rR0LxaM5JX9JhE9g=s800-c-k-c0x00ffffff-no-rj,yuzukichococh,1128,1110000,5936,,0,idol,"[""yuzuki-choco""]",[],"[""yuzuki-choco""]",2026-07-01T22:28:55.536Z
UCS9uQI-jC3DE0L4IpXyvr6w,Coco Ch. 桐生ココ,Kiryu Coco,vtuber,Hololive,4th Generation (holoForce),https://yt3.ggpht.com/ytc/AMLnZu8xM8iFAtHMoKUPqKh-0NT7QL6zU06fEgwkIB0D0A=s800-c-k-c0x00ffffff-no-rj,kiryucoco,815,1430000,6246,2019-12-04T09:54:01.485Z,0,idol,"[""kiryu-coco""]",[],"[""kiryu-coco""]",2026-07-01T22:28:55.536Z
UCW5uhrG1eCBYditmhL0Ykjw,Elizabeth Rose Bloodflame Ch. hololive-EN,Elizabeth Rose Bloodflame,vtuber,Hololive,English -Justice-,https://yt3.ggpht.com/1aoKeoCGzuD7XK2U8nUIHfpynIOLecHxF7Adh09XshlrL9kne2uKGOllFcoA2iXBVVe51_V6E48=s800-c-k-c0x00ffffff-no-rj,ERBloodflame,301,624000,2214,2024-04-03T06:07:32.690Z,0,idol,"[""elizabeth-rose-bloodflame""]",[],"[""elizabeth-rose-bloodflame""]",2026-07-01T22:28:55.536Z
UCt9H_RpQzhxzlyBxFqrdHqA,FUWAMOCO Ch. hololive-EN,Fuwawa & Mococo Abyssgard,vtuber,Hololive,English -Advent-,https://yt3.ggpht.com/eC6k63zvyZma-t4NwtxhKXaP7smdQuXM6KA9r8i-ZLxnfSh5ngfAPibEAwtbFy4QEGnt_lY6lA=s800-c-k-c0x00ffffff-no-rj,fuwamoco_en,977,1330000,12074,2023-05-12T04:38:41.661Z,0,idol,"[""fuwawa-abyssgard"",""mococo-abyssgard""]",[],"[""fuwawa-abyssgard"",""mococo-abyssgard""]",2026-07-01T22:28:55.536Z
UCvInZx9h3jC2JzsIzoOebWg,Flare Ch. 不知火フレア,Shiranui Flare,vtuber,Hololive,3rd Generation (Fantasy),https://yt3.ggpht.com/XGJE8dQHKGyKma2oLZM-oZxF2c5OnQsjQx68tTowiPfh7gI2cHhP8REzXC7exvw2ri5QxFxEA-4=s800-c-k-c0x00ffffff-no-rj,shiranuiflare,1816,1150000,15306,2019-07-26T12:03:54.000Z,0,idol,"[""shiranui-flare""]",[],"[""shiranui-flare""]",2026-07-01T22:28:55.536Z
UCoSrY_IQQVpmIRZ9Xf-y93g,Gawr Gura Ch. hololive-EN,Gawr Gura,vtuber,Hololive,English -Myth-,https://yt3.ggpht.com/6BCfAqi9yIpZbHLbw9BAWySvB3XZf9r8jFqudO5nSOsHoGzLhlKrm1M1uuMCRabi_pXGDzl7=s800-c-k-c0x00ffffff-no-rj,gawrgura,564,4710000,23677,2020-07-16T06:25:20.801Z,0,idol,"[""gawr-gura""]",[],"[""gawr-gura""]",2026-07-01T22:28:55.536Z
UCDHABijvPBnJm7F-KlNME3w,Gigi Murin Ch. hololive-EN,Gigi Murin,vtuber,Hololive,English -Justice-,https://yt3.ggpht.com/VTrjE6XoUY0QRq9VgwPIADiUA1S2FYPvJ7qRpUpgix8JLiU-mjKwEtADjS35w9C21Yarxk9kKA=s800-c-k-c0x00ffffff-no-rj,gigimurin,496,578000,4919,,0,idol,"[""gigi-murin""]",[],"[""gigi-murin""]",2026-07-01T22:28:55.536Z
UC1CfXB_kRs3C-zaeTG3oGyg,HAACHAMA Ch 赤井はあと,Akai Haato,vtuber,Hololive,1st Generation,https://yt3.ggpht.com/jxI6FmNKDpYKXB0puyLhB5gq4JgWFvRT9Rr2C_d3hFT1q0SSOHh3QIUfvSxfTHupTXFnleqI=s800-c-k-c0x00ffffff-no-rj,akaihaato,1712,1580000,8252,,0,idol,"[""akai-haato""]",[],"[""akai-haato""]",2026-07-01T22:28:55.536Z
UC1iA6_NT4mtAcIII6ygrvCw,Hajime Ch. 轟はじめ ‐ ReGLOSS,Todoroki Hajime,vtuber,Hololive,DEV_IS ReGLOSS,https://yt3.ggpht.com/6vJDLc-py0cRcuDAgukgsE0SXbuia7AupgIuofdQCAidvdT_fcoy0ib6ssKI7rQO_iZO0Tb40Q=s800-c-k-c0x00ffffff-no-rj,todoroki_hajime,1048,1210000,4872,,0,idol,"[""todoroki-hajime""]",[],"[""todoroki-hajime""]",2026-07-01T22:28:55.536Z
UCgmPnx-EEeOrZSg5Tiw7ZRQ,Hakos Baelz Ch. hololive-EN,Hakos Baelz,vtuber,Hololive,English -Promise-,https://yt3.ggpht.com/sFBVGkudEnu_MCH23nJdS2oTnOzd9M7e6Mgki5JBhbj4PnjWGgG2hNmW2Vozw5rr8-K0s-DpaPs=s800-c-k-c0x00ffffff-no-rj,hakosbaelz,1297,1170000,16968,,0,idol,"[""hakos-baelz""]",[],"[""hakos-baelz""]",2026-07-01T22:28:55.536Z
UC8rcEBzJSleTkf_-agPM20g,IRyS Ch. hololive-EN,IRyS,vtuber,Hololive,English -Promise-,https://yt3.ggpht.com/zztv3u0fMtIbGu5nLjKPTwR_8-U0nSq80kmWW0xBpc42tA6dFHlDb_TG3VjSPLNFBuAIZtaFrw=s800-c-k-c0x00ffffff-no-rj,irys_en,805,1130000,12097,,0,idol,"[""irys""]",[],"[""irys""]",2026-07-01T22:28:55.536Z
UC_vMYWcDjmfdpH6r4TTn1MQ,Iroha ch. 風真いろは - holoX -,Kazama Iroha,vtuber,Hololive,6th Generation -holoX-,https://yt3.ggpht.com/gq-oA6rRB25b8hLDHhsLqcU1ZSmuuEtIDQabDoaZV1NS-rwAzOit4RdQHz5Afh3mN4FwYnPIPg=s800-c-k-c0x00ffffff-no-rj,kazamairohach,1202,1140000,10537,2021-09-12T06:16:48.954Z,0,idol,"[""kazama-iroha""]",[],"[""kazama-iroha""]",2026-07-01T22:28:55.536Z
UCZLZ8Jjx_RN2CXloOmgTHVg,Kaela Kovalskia Ch. hololive-ID,Kaela Kovalskia,vtuber,Hololive,Indonesia 3rd Gen (holoh3ro),https://yt3.ggpht.com/2jGAglj5aTcUWO7WRNfq54KV3ipKblUzxI6fAKSjAfMw6J9Qqb6NbzbJA2i0t4cKgUR7SPdWC_w=s800-c-k-c0x00ffffff-no-rj,kaelakovalskia,1672,896000,9814,2022-01-27T09:03:18.536Z,0,idol,"[""kaela-kovalskia""]",[],"[""kaela-kovalskia""]",2026-07-01T22:28:55.536Z
UCWQtYtq9EOB4-I5P-3fh8lA,Kanade Ch. 音乃瀬奏 ‐ ReGLOSS,Otonose Kanade,vtuber,Hololive,DEV_IS ReGLOSS,https://yt3.ggpht.com/3Naw3X40CVtAsDMP8SFCPIpsfVjP2iUID4oAF8PJgA1ob4akPZ_SQC3LlWAya_kE2INeaLtHUQ=s800-c-k-c0x00ffffff-no-rj,otonosekanade,898,806000,6751,2023-07-21T06:31:29.167Z,0,idol,"[""otonose-kanade""]",[],"[""otonose-kanade""]",2026-07-01T22:28:55.536Z
UCZlDXzGoo7d44bwdNObFacg,Kanata Ch. 天音かなた,Amane Kanata,vtuber,Hololive,4th Generation (holoForce),https://yt3.ggpht.com/KjtzUgvj7v4socyPBkwZVlRJC9YU7Seka_a2lYf-LuBgc_YXXknzaR--5rbtYR46Q-JAWcR-=s800-c-k-c0x00ffffff-no-rj,amanekanatach,2014,1730000,18867,2019-12-04T09:13:34.410Z,0,idol,"[""amane-kanata""]",[],"[""amane-kanata""]",2026-07-01T22:28:55.536Z
UCjLEmnpCNeisMxy134KPwWw,Kobo Kanaeru Ch. hololive-ID,Kobo Kanaeru,vtuber,Hololive,Indonesia 3rd Gen (holoh3ro),https://yt3.ggpht.com/XRCP2PC-lvvielp04Eq8KyBzgd3_bFc_DNfptN5s-ftd1v6SadGuMChY6Jm3elaqaK7xwE1B=s800-c-k-c0x00ffffff-no-rj,kobokanaeru,759,2760000,6393,2022-01-27T08:17:00.285Z,0,idol,"[""kobo-kanaeru""]",[],"[""kobo-kanaeru""]",2026-07-01T22:28:55.536Z
UChAnqc_AY5_I3Px5dig3X1Q,Korone Ch. 戌神ころね,Inugami Korone,vtuber,Hololive,GAMERS,https://yt3.ggpht.com/ytc/AIdro_nrS6tFctvjyWv1mKzKBIetHJBfpqwHOpvRFc3KU2P_5yc=s800-c-k-c0x00ffffff-no-rj,inugamikorone,1465,2270000,21701,2019-03-25T12:44:03.000Z,0,idol,"[""inugami-korone""]",[],"[""inugami-korone""]",2026-07-01T22:28:55.536Z
UC9p_lqQ0FEDz327Vgf5JwqA,Koseki Bijou Ch. hololive-EN,Koseki Bijou,vtuber,Hololive,English -Advent-,https://yt3.ggpht.com/Wk5Mbh-5z_dbHTp7Hyz7OSd70Cz4GknlZOqiI2J_sIsnbm_YjWN2vb39XyrXBYj-uiMsOi-95w=s800-c-k-c0x00ffffff-no-rj,KosekiBijou,863,963000,13898,,0,idol,"[""koseki-bijou""]",[],"[""koseki-bijou""]",2026-07-01T22:28:55.536Z
UC6eWCld0KwmyHFbAqK3V-Rw,Koyori ch. 博衣こより - holoX -,Hakui Koyori,vtuber,Hololive,6th Generation -holoX-,https://yt3.ggpht.com/2PoZqbHNPXXxjPRgtAuDGY_p6use0QRNk2rN0oXPeE9NtrQGuTuD1psw6sCFDGy8fO_3JwjQPxw=s800-c-k-c0x00ffffff-no-rj,hakuikoyori,3296,1350000,19639,,0,idol,"[""hakui-koyori""]",[],"[""hakui-koyori""]",2026-07-01T22:28:55.536Z
UCYz_5n-uDuChHtLo7My1HnQ,Kureiji Ollie Ch. hololive-ID,Kureiji Ollie,vtuber,Hololive,Indonesia 2nd Gen (holoro),https://yt3.ggpht.com/fCQ1LUhWHfIGkCLeZl2BG_uQhQ6IqxJ3AJJxFbG6uEpLJ1hlJ2JOoBG7FJiAREeDeEVtwJoZKA=s800-c-k-c0x00ffffff-no-rj,kureijiollie,1693,1400000,10150,2020-09-01T06:59:09.444Z,0,idol,"[""kureiji-ollie""]",[],"[""kureiji-ollie""]",2026-07-01T22:28:55.536Z
UCFKOVgVbGmX65RxO3EtH3iw,Lamy Ch. 雪花ラミィ,Yukihana Lamy,vtuber,Hololive,5th Generation (holoFive),https://yt3.ggpht.com/ytc/AIdro_nHPsjV8KMncrIzZh7NPGaG8xzAgzN8Vf9YAj12dRN7sCc=s800-c-k-c0x00ffffff-no-rj,yukihanalamy,1827,1370000,19220,,0,idol,"[""yukihana-lamy""]",[],"[""yukihana-lamy""]",2026-07-01T22:28:55.536Z
UCENwRMx5Yh42zWpzURebzTw,Laplus ch. ラプラス・ダークネス - holoX -,La+ Darknesss,vtuber,Hololive,6th Generation -holoX-,https://yt3.ggpht.com/6Y5lj4DhikLBo0UqIZ1dT3-D3aYXVPbxUgNTyYiyE_Se8AVxkGAn05D3oc1y3whpzDu-CzEQ=s800-c-k-c0x00ffffff-no-rj,LaplusDarknesss,965,1560000,9119,,0,idol,"[""la-darknesss""]",[],"[""la-darknesss""]",2026-07-01T22:28:55.536Z
UCs9_O1tRPMQTHQ-N_L6FU2g,Lui ch. 鷹嶺ルイ - holoX -,Takane Lui,vtuber,Hololive,6th Generation -holoX-,https://yt3.ggpht.com/hoR2TgfGwUZ4mbNY07Ygu88wPLY0JcArmFKZDTwaPOtJmK78gdIg3dmp87NZM8SRBCpxlv02hg=s800-c-k-c0x00ffffff-no-rj,takanelui,2250,1110000,11785,2021-09-12T03:15:45.362Z,0,idol,"[""takane-lui""]",[],"[""takane-lui""]",2026-07-01T22:28:55.536Z
UCa9Y57gfeY0Zro_noHRVrnw,Luna Ch. 姫森ルーナ,Himemori Luna,vtuber,Hololive,4th Generation (holoForce),https://yt3.ggpht.com/05zupy7ai3DW0mEmY3tSgkb4CGjHadAXG0bs_PSzg09l0_5MInPrG4Bh-ZRlAWcPncOe9cnQkQ=s800-c-k-c0x00ffffff-no-rj,himemoriluna,1605,1150000,12423,,0,idol,"[""himemori-luna""]",[],"[""himemori-luna""]",2026-07-01T22:28:55.536Z
UCCzUftO8KOVkV4wQG1vkUvg,Marine Ch. 宝鐘マリン,Houshou Marine,vtuber,Hololive,3rd Generation (Fantasy),https://yt3.ggpht.com/RnFYoR_VkEZZ4OGRJz2cPXem1iRqMNzcGVp5LIxTRqhDu4vqckc83DBrVi2uwxiCPWEmmH6vSJk=s800-c-k-c0x00ffffff-no-rj,houshoumarine,1678,4370000,29648,,0,idol,"[""houshou-marine""]",[],"[""houshou-marine""]",2026-07-01T22:28:55.536Z
UCQ0UDLQCjY0rmuxCDE38FGg,Matsuri Channel 夏色まつり,Natsuiro Matsuri,vtuber,Hololive,1st Generation,https://yt3.ggpht.com/LZBvU0s_S-xi7fHmeab_iA8ztfGimxzisUBMODGKaIEx3r3R-tIDReiX3SlmbH2showigElJ=s800-c-k-c0x00ffffff-no-rj,natsuiromatsuri,1832,1580000,12401,2018-05-25T06:58:58.000Z,0,idol,"[""natsuiro-matsuri""]",[],"[""natsuiro-matsuri""]",2026-07-01T22:28:55.536Z
UC-hM6YJuNYVAmUWxeIr9FeA,Miko Ch. さくらみこ,Sakura Miko,vtuber,Hololive,0th Generation,https://yt3.ggpht.com/b8EKl_i-e2dinoparyhUJEaRhInlSWwm-dZX0oIq-x1mUvQga530G_PIdutlSNkGKEAyX9aaBQ=s800-c-k-c0x00ffffff-no-rj,sakuramiko35,2247,2430000,57829,2018-04-25T02:45:48.000Z,0,idol,"[""sakuramiko""]",[],"[""sakuramiko""]",2026-07-01T22:28:55.536Z
UCp-5t9SrOQwXMU7iIjQfARg,Mio Channel 大神ミオ,Ookami Mio,vtuber,Hololive,GAMERS,https://yt3.ggpht.com/JV8VdQFA7eZk5H1cRxHyIdLKQ5wD6EBywjxLzrne2EpY9LSiVgtapvh0iQA6plVNxdIKNxK0NRU=s800-c-k-c0x00ffffff-no-rj,ookamimio,1571,1340000,14831,2018-12-01T08:52:15.000Z,0,idol,"[""ookami-mio""]",[],"[""ookami-mio""]",2026-07-01T22:28:55.536Z
UCP0BspO_AMEe3aQqqpo89Dg,Moona Hoshinova hololive-ID,Moona Hoshinova,vtuber,Hololive,Indonesia 1st Gen (AREA 15),https://yt3.ggpht.com/ArbwGFqxm01MKe6qhEnAqIQCro0MUSyI8BVIu-7Ijr3OBw5z86Y1348DTTDFDstWD-uwpIO3=s800-c-k-c0x00ffffff-no-rj,moonahoshinova,1171,1410000,7374,2020-03-03T07:34:43.768Z,0,idol,"[""moona-hoshinova""]",[],"[""moona-hoshinova""]",2026-07-01T22:28:55.536Z
UCL_qhgtOy0dy1Agp8vkySQg,Mori Calliope Ch. hololive-EN,Mori Calliope,vtuber,Hololive,English -Myth-,https://yt3.ggpht.com/ZZuzZBS3JHrZz49K3ApCYQo1NQLhN3ApfW0R9hAaIfCLMfx5YTL51bOgJv0zk6Ikdngmmn0G=s800-c-k-c0x00ffffff-no-rj,moricalliope,1836,2610000,18481,2020-07-16T06:24:04.369Z,0,idol,"[""mori-calliope""]",[],"[""mori-calliope""]",2026-07-01T22:28:55.536Z
UC7fk0CB07ly8oSl0aqKkqFg,Nakiri Ayame Ch. 百鬼あやめ,Nakiri Ayame,vtuber,Hololive,2nd Generation,https://yt3.ggpht.com/3CeLWGYb6cLUywTJzNt-UpITviNxeGNvtjhIqbV-AIybCqCoFw9onWtg91bjwpqvfEP9mfqIR4Q=s800-c-k-c0x00ffffff-no-rj,nakiriayame,493,1710000,10030,,0,idol,"[""nakiri-ayame""]",[],"[""nakiri-ayame""]",2026-07-01T22:28:55.536Z
UC3n5uGu18FoCy23ggWWp8tA,Nanashi Mumei Ch. hololive-EN,Nanashi Mumei,vtuber,Hololive,English -Promise-,https://yt3.ggpht.com/ufO7pGRu0vUfA2FLPz7yN517i8wOYxAdcxB9nSTKKfiKhjec0ulSmwWmRA00KqVpOTIesgXhMA=s800-c-k-c0x00ffffff-no-rj,nanashimumei_en,531,1180000,10861,,0,idol,"[""nanashi-mumei""]",[],"[""nanashi-mumei""]",2026-07-01T22:28:55.536Z
UCAWSyEs_Io8MtpY3m-zqILA,Nene Ch.桃鈴ねね,Momosuzu Nene,vtuber,Hololive,5th Generation (holoFive),https://yt3.ggpht.com/yQDRxiMIkbHsn7e4s6BCIBCNb3WmiV1myrpo6Lq2-dfCmAn1N47y12mhZg0NOfQMWQMYW4Qm=s800-c-k-c0x00ffffff-no-rj,momosuzunene,1371,1320000,16780,,0,idol,"[""momosuzu-nene""]",[],"[""momosuzu-nene""]",2026-07-01T22:28:55.536Z
UC_sFNM0z0MWm9A6WlKPuMMg,Nerissa Ravencroft Ch. hololive-EN,Nerissa Ravencroft,vtuber,Hololive,English -Advent-,https://yt3.ggpht.com/V1Ow-KEzUUTOpE6dp3oQzxRAH1t-zwkfnlG8lGG6TbJ5SLPyfNXCSH3xAGVmaDEZfNA4xe4kJQ=s800-c-k-c0x00ffffff-no-rj,nerissa_en,643,995000,6420,2023-05-11T06:08:23.615Z,0,idol,"[""nerissa-ravencroft""]",[],"[""nerissa-ravencroft""]",2026-07-01T22:28:55.536Z
UCuI_opAVX6qbxZY-a-AxFuQ,Niko Ch. 虎金妃笑虎 - FLOW GLOW,Koganei Niko,vtuber,Hololive,DEV_IS FLOW GLOW,https://yt3.ggpht.com/bEDo7y7rywqDZpSqS7StN3vxPg4YPEfh_faAf2CENKsk4L9SgrsU0UeClvH-nsPq1i5xNFM89Q=s800-c-k-c0x00ffffff-no-rj,koganeiniko,703,625000,1019,2024-08-01T08:40:13.435Z,0,idol,"[""koganei-niko""]",[],"[""koganei-niko""]",2026-07-01T22:28:55.536Z
UCMwGHR0BTZuLsmjY_NT5Pwg,Ninomae Ina'nis Ch. hololive-EN,Ninomae Ina'nis,vtuber,Hololive,English -Myth-,https://yt3.ggpht.com/hJ45UDEa_rKtqxjNcIcYYJ_3eBvl9Jj2H-gXHBwNDwKOcSvDLjSwgOVbU9tEbUQmpGnyGwQFLQ=s800-c-k-c0x00ffffff-no-rj,ninomaeinanis,979,1660000,18758,2020-07-16T06:23:05.258Z,0,idol,"[""ninomae-inanis""]",[],"[""ninomae-inanis""]",2026-07-01T22:28:55.536Z
UCdyqAaZDKHXg4Ahi7VENThQ,Noel Ch. 白銀ノエル,Shirogane Noel,vtuber,Hololive,3rd Generation (Fantasy),https://yt3.ggpht.com/ytc/AIdro_kIKJPVEqJLs9FNMgdti5WWHtc1t0MwihOlW-ZK90nGUdk=s800-c-k-c0x00ffffff-no-rj,shiroganenoel,1734,2040000,21084,,0,idol,"[""shirogane-noel""]",[],"[""shirogane-noel""]",2026-07-01T22:28:55.536Z
UCvaTdHTWBGv3MKj3KVqJVCw,Okayu Ch. 猫又おかゆ,Nekomata Okayu,vtuber,Hololive,GAMERS,https://yt3.ggpht.com/oD8ISaA35737mg-lt5mYSfOIXmjCeHYcSFFpTQn4AVMkqiyzrMle_THvX6NdfSxbjUO6fQ6_wg=s800-c-k-c0x00ffffff-no-rj,nekomataokayu,1788,2120000,18949,2019-03-25T12:37:01.000Z,0,idol,"[""nekomata-okayu""]",[],"[""nekomata-okayu""]",2026-07-01T22:28:55.536Z
UCmbs8T6MWqUHP1tIQvSgKrg,Ouro Kronii Ch. hololive-EN,Ouro Kronii,vtuber,Hololive,English -Promise-,https://yt3.ggpht.com/XxF6c2VtpdbRdLcldz5jp05FQY_JTfOXeVd8osfAZsxODIanpt0ymcn_6nitwydHNGek46cfZ04=s800-c-k-c0x00ffffff-no-rj,ourokronii,737,1140000,14609,2021-07-26T15:42:15.812Z,0,idol,"[""ouro-kronii""]",[],"[""ouro-kronii""]",2026-07-01T22:28:55.536Z
UChgTyjG-pdNvxxhdsXfHQ5Q,Pavolia Reine Ch. hololive-ID,Pavolia Reine,vtuber,Hololive,Indonesia 2nd Gen (holoro),https://yt3.ggpht.com/gV1Zr_UQCBsmfyqaJhgj46qud_7HkvdqDNobqz-GSY7cQ4GNSltNxAyc1Y1-9HXXvSoORbzc=s800-c-k-c0x00ffffff-no-rj,pavoliareine,1973,849000,5961,2020-09-01T06:46:14.038Z,0,idol,"[""pavolia-reine""]",[],"[""pavolia-reine""]",2026-07-01T22:28:55.536Z
UC1DCedRgGHBdm81E1llLhOQ,Pekora Ch. 兎田ぺこら,Usada Pekora,vtuber,Hololive,3rd Generation (Fantasy),https://yt3.ggpht.com/B-5Iau5CJVDiUOeCvCzHiwdkUijqoi2n0tNwfgIv_yDAvMbLHS4vq1IvK2RxL8y69BxTwmPhow=s800-c-k-c0x00ffffff-no-rj,usadapekora,2653,2780000,52859,,0,idol,"[""usada-pekora""]",[],"[""usada-pekora""]",2026-07-01T22:28:55.536Z
UCK9V2B22uJYu3N7eR_BT9QA,Polka Ch. 尾丸ポルカ,Omaru Polka,vtuber,Hololive,5th Generation (holoFive),https://yt3.ggpht.com/42QEdu1EEbblI1N1nLIghEHb38jSbUCLBbSKBcjRf9_uPwN77Md5_iTXsCDkFU480_QEfTHJnQ=s800-c-k-c0x00ffffff-no-rj,omarupolka,2394,1360000,11153,2020-06-05T07:47:22.452Z,0,idol,"[""omaru-polka""]",[],"[""omaru-polka""]",2026-07-01T22:28:55.536Z
UCdXAk5MpyLD8594lm_OvtGQ,Raden Ch. 儒烏風亭らでん ‐ ReGLOSS,Juufuutei Raden,vtuber,Hololive,DEV_IS ReGLOSS,https://yt3.ggpht.com/I3u3NWX2xNjmhVDFm7K8oLn1vZKgzZyyZ2X4_ADINsyLLXv-a2VKLXHO_uHYCKXgVSJdkazjbw=s800-c-k-c0x00ffffff-no-rj,juufuuteiraden,856,1250000,3906,,0,idol,"[""juufuutei-raden""]",[],"[""juufuutei-raden""]",2026-07-01T22:28:55.536Z
UCl69AEx4MdqMZH7Jtsm7Tig,Raora Panthera Ch. hololive-EN,Raora Panthera,vtuber,Hololive,English -Justice-,https://yt3.ggpht.com/HKYI1ENbRIVyDgLVtpxOKyLAOEdOHWH__-JQu6Kj2dq0S9U-wTccKoZT0-4DBd21O0Cpo6NnlA=s800-c-k-c0x00ffffff-no-rj,raorapanthera,489,636000,4854,2024-04-03T06:21:25.914Z,0,idol,"[""raora-panthera""]",[],"[""raora-panthera""]",2026-07-01T22:28:55.536Z
UC9LSiN9hXI55svYEBrrK-tw,Riona Ch. 響咲リオナ - FLOW GLOW,Isaki Riona,vtuber,Hololive,DEV_IS FLOW GLOW,https://yt3.ggpht.com/Nd6K_cman-Bdkl_pv4_3UNpijyb7t5RXjhsso5IreKu0pwigFrc2f5KIM9aGrciqYeHZoJwVUDE=s800-c-k-c0x00ffffff-no-rj,isakiriona,783,494000,1706,,0,idol,"[""isaki-riona""]",[],"[""isaki-riona""]",2026-07-01T22:28:55.536Z
UCtyWhCj3AqKh2dXctLkDtng,Ririka Ch. 一条莉々華 ‐ ReGLOSS,Ichijou Ririka,vtuber,Hololive,DEV_IS ReGLOSS,https://yt3.ggpht.com/JhTtQGtkAfXG5XwH3Adzu9Kl8DBTRElKxHFvWop0Z6J2ndAEJfXfDaU1mLUaBsiAjW_RnXBkOQ=s800-c-k-c0x00ffffff-no-rj,ichijouririka,1206,735000,4327,2023-07-21T06:32:19.959Z,0,idol,"[""ichijou-ririka""]",[],"[""ichijou-ririka""]",2026-07-01T22:28:55.536Z
UCDqI2jOz0weumE8s7paEk6g,Roboco Ch. - ロボ子,Robocosan,vtuber,Hololive,0th Generation,https://yt3.ggpht.com/H8pRHxQm4-FjRl9XUFn9UQbJhVcj5PIvwDW6o7ZlBTRj2bgVP5xonQEl36H-O6NHaWmbP1zaxg=s800-c-k-c0x00ffffff-no-rj,robocosan,2124,1160000,6925,,0,idol,"[""roboco-san""]",[],"[""roboco-san""]",2026-07-01T22:28:55.536Z
UCXTpFs_3PqI41qX2d9tL2Rw,Shion Ch. 紫咲シオン,Murasaki Shion,vtuber,Hololive,2nd Generation,https://yt3.ggpht.com/K91NQLuy_JMQ65n-Opf0Q2FZBO3yOURnMRusO7o5DTjaJ1QVtP-ANN4lehK57X4KXpcI2MiRig=s800-c-k-c0x00ffffff-no-rj,murasakishionch,684,1360000,10159,2018-08-03T08:32:21.000Z,0,idol,"[""murasaki-shion""]",[],"[""murasaki-shion""]",2026-07-01T22:28:55.536Z
UCgnfPPb9JI3e9A4cXHnWbyg,Shiori Novella Ch. hololive-EN,Shiori Novella,vtuber,Hololive,English -Advent-,https://yt3.ggpht.com/q23ZTL-eIurUV4sMNtq5pJpFXWKI7dr-XuScFGVtSiDhTR_jrs4v1BpsWX1WP51sP4jjlmA=s800-c-k-c0x00ffffff-no-rj,ShioriNovella,964,719000,4391,,0,idol,"[""shiori-novella""]",[],"[""shiori-novella""]",2026-07-01T22:28:55.536Z
UCp6993wxpyDPHUpavwDFqgg,SoraCh. ときのそらチャンネル,Tokino Sora,vtuber,Hololive,0th Generation,https://yt3.ggpht.com/ytc/AIdro_kT9PiLS8BWANuBdGG_-GHsNZxFqmF0YjMnzK55jISdca4=s800-c-k-c0x00ffffff-no-rj,tokino_sora,1849,1330000,7629,2017-09-07T03:02:42.000Z,0,idol,"[""tokino-sora""]",[],"[""tokino-sora""]",2026-07-01T22:28:55.536Z
UCjk2nKmHzgH5Xy-C5qYRd5A,Su Ch. 水宮枢 - FLOW GLOW,Mizumiya Su,vtuber,Hololive,DEV_IS FLOW GLOW,https://yt3.ggpht.com/iATADgRHFUjwjw_IBRN_G_MN4zsQ6UEHHibOroZhTKQuxj6So1oFIm4EthlZF_Iv73UnkGm4ZuY=s800-c-k-c0x00ffffff-no-rj,mizumiya_su,899,681000,2316,2024-08-01T08:08:02.660Z,0,idol,"[""mizumiya-su""]",[],"[""mizumiya-su""]",2026-07-01T22:28:55.536Z
UCvzGlP9oQwU--Y0r9id_jnA,Subaru Ch. 大空スバル,Oozora Subaru,vtuber,Hololive,2nd Generation,https://yt3.ggpht.com/ytc/AIdro_k5mjdt1wcbaYCXKwmDpVXmSGtOc-LH3WjIyUHVC4soP28=s800-c-k-c0x00ffffff-no-rj,oozorasubaru,2086,2000000,38577,2018-08-22T07:29:15.000Z,0,idol,"[""oozora-subaru""]",[],"[""oozora-subaru""]",2026-07-01T22:28:55.536Z
UC5CwaMl1eIgY8h02uZw7u8A,Suisei Channel,Hoshimachi Suisei,vtuber,Hololive,0th Generation,https://yt3.ggpht.com/ytc/AIdro_kLDBK5ksSvk5-XJ6S8e0kWfjy7mVl3jyUkgDeMQ7rlCpU=s800-c-k-c0x00ffffff-no-rj,suisei_hosimati,1138,2890000,18598,,0,idol,"[""hoshimachi-suisei""]",[],"[""hoshimachi-suisei""]",2026-07-01T22:28:55.536Z
UCHsx4Hqa-1ORjQTh9TYDhww,Takanashi Kiara Ch. hololive-EN,Takanashi Kiara,vtuber,Hololive,English -Myth-,https://yt3.ggpht.com/vnzn_RiKneABPPnp1-0SO4IAZQRXqVsL5RNDQYGR9GhT-Flm47vM4UJeyGfn4U_gteKqJMBwNA=s800-c-k-c0x00ffffff-no-rj,takanashikiara,1662,1620000,19901,2020-07-16T06:17:18.113Z,0,idol,"[""takanashi-kiara""]",[],"[""takanashi-kiara""]",2026-07-01T22:28:55.536Z
UC1uv2Oq6kNxgATlCiez59hw,Towa Ch. 常闇トワ,Tokoyami Towa,vtuber,Hololive,4th Generation (holoForce),https://yt3.ggpht.com/kF39-I4IfZJOWuGiciawwB-v4M_X9u6_-jxCvAiYSHSRuUS-LdpeWWRHO7c4Pk8sXROBaPl9iMQ=s800-c-k-c0x00ffffff-no-rj,tokoyamitowa,1843,1570000,17781,,0,idol,"[""tokoyami-towa""]",[],"[""tokoyami-towa""]",2026-07-01T22:28:55.536Z
UCsUj0dszADCGbF3gNrQEuSQ,Tsukumo Sana Ch. hololive-EN,Tsukumo Sana,vtuber,Hololive,English -Promise-,https://yt3.ggpht.com/zczPLp_sj4Qq3CyoGzfXifOdwE7aMHRpUdqbMD9UKvjddBG2NdMrCKElCMUOS6x85BMr2VGuAA=s800-c-k-c0x00ffffff-no-rj,tsukumosana,106,398000,1392,2021-07-26T15:47:50.516Z,0,idol,"[""tsukumo-sana""]",[],"[""tsukumo-sana""]",2026-07-01T22:28:55.536Z
UCTvHWSfBZgtxE4sILOaurIQ,Vestia Zeta Ch. hololive-ID,Vestia Zeta,vtuber,Hololive,Indonesia 3rd Gen (holoh3ro),https://yt3.ggpht.com/0pxwGbJZbeMVkF9wGW4FNE2vJERPo0zUkzSEFWj6IHio-uiLWMSJKdjhkqwRkWwDHNu0dXiynw=s800-c-k-c0x00ffffff-no-rj,vestiazeta,991,1030000,4974,2022-01-27T09:00:05.512Z,0,idol,"[""vestia-zeta""]",[],"[""vestia-zeta""]",2026-07-01T22:28:55.536Z
UCGzTVXqMQHa4AgJVJIVvtDQ,Vivi Ch. 綺々羅々ヴィヴィ - FLOW GLOW,Kikirara Vivi,vtuber,Hololive,DEV_IS FLOW GLOW,https://yt3.ggpht.com/1gNTfXSUE6ua7RJw0F-zV9kzFiSfQG4F2Nuj4_zUFfbDEXfbZUxki8kmOfZagS9n4EdxAZ9_-A=s800-c-k-c0x00ffffff-no-rj,kikiraravivi,945,658000,3354,2024-08-01T08:27:50.724Z,0,idol,"[""kikirara-vivi""]",[],"[""kikirara-vivi""]",2026-07-01T22:28:55.536Z
UCqm3BQLlJfvkTsX_hvm0UmA,Watame Ch. 角巻わため,Tsunomaki Watame,vtuber,Hololive,4th Generation (holoForce),https://yt3.ggpht.com/XJYar8ZAQ59ce0nFlf-Dl6V16Dwznu5xfh3XnMW_JE-nCVLHLiRTS-x1gB_eR4_CJY3KDfKxsVo=s800-c-k-c0x00ffffff-no-rj,tsunomakiwatame,3337,1700000,21658,2019-12-04T10:02:43.244Z,0,idol,"[""tsunomaki-watame""]",[],"[""tsunomaki-watame""]",2026-07-01T22:28:55.536Z
UCyl1z3jo3XHR1riLFKG5UAg,Watson Amelia Ch. hololive-EN,Watson Amelia,vtuber,Hololive,English -Myth-,https://yt3.ggpht.com/WrANARkFwg4mlLa7SonZpwhS9_wiepSBhVGH90pIaXQsKCoBNiu3zyWVqW3nfBlbLTgOiOFO=s800-c-k-c0x00ffffff-no-rj,watsonameliaen,919,1800000,12722,2020-07-16T06:24:42.283Z,0,idol,"[""watson-amelia""]",[],"[""watson-amelia""]",2026-07-01T22:28:55.536Z
UCFTLzh12_nrtzqBPsTCqenA,アキロゼCh。Vtuber/ホロライブ所属,Aki Rosenthal,vtuber,Hololive,1st Generation,https://yt3.ggpht.com/0Nx9jWdjiUrkizCVCDZg_MasdF6b85DAsQATmAkNC2A8b3Y89vXlnSDZ_v1fM_X4w3088sJnmA=s800-c-k-c0x00ffffff-no-rj,akirosenthal,1777,1030000,6239,,0,idol,"[""aki-rosenthal""]",[],"[""aki-rosenthal""]",2026-07-01T22:28:55.536Z
UCdn5BQ06XqgXoAxIhbqw5Rg,フブキCh。白上フブキ,Shirakami Fubuki,vtuber,Hololive,1st Generation,https://yt3.ggpht.com/ytc/AIdro_mGXEeXXCCPh-sl2jKYbYpLBuCsjEGDgJaL5RQziYhyugQ=s800-c-k-c0x00ffffff-no-rj,shirakamifubuki,3194,2660000,21100,,0,idol,"[""shirakami-fubuki""]",[],"[""shirakami-fubuki""]",2026-07-01T22:28:55.536Z
UC4NdM7WwMvyGzkUr0dsSGJQ,Agata Seven【VERSA】,Agata Seven,vtuber,AKA Virtual,,https://yt3.ggpht.com/FmOyzg05cJfwuVSzsMMfINv0bQIZE7tnbX6cCuUqmzfFFl54HPIY_RQDj3iiuY_fSHNqFhdY0Q=s800-c-k-c0x00ffffff-no-rj,,,,,,0,unknown,[],[],[],2026-07-01T22:28:55.536Z
UCn58MSGrtsDY8N_VhyLcPjg,Alarich【VERSA】,Alarich,vtuber,AKA Virtual,,https://yt3.ggpht.com/8FO7oHFFP9wtce8xB3PNGLZfmXB4rTE1AeZ1rzSM8ibUhHaZt1fbg5ccR18oU_SrlxE64f20=s800-c-k-c0x00ffffff-no-rj,,,,,,0,unknown,[],[],[],2026-07-01T22:28:55.536Z
UCqXsdheBs0ONTTiQTJqn5QQ,Alpha Betta【V-Dere】,Alpha Betta,vtuber,V-Dere,,https://yt3.ggpht.com/e_bHH_1RChVSkDrwccTQAlo64ufDjIJAQieffMt9Fc4biRfS6jkL1RKOOH_nxpwPCzTQSzaUMQ=s800-c-k-c0x00ffffff-no-rj,,,,,,0,unknown,[],[],[],2026-07-01T22:28:55.536Z
UCKDJzAxTJrO14C8eJo-0TSw,Amaya Miyu,Amaya Miyu,vtuber,AKA Virtual,,https://yt3.ggpht.com/6g327lkjREwTchu-Vu0gnQUg_hwE46LQHN0cINeBPmDG9Xg1YxaBel4evnjyDE7BR1dyVOH6_ns=s800-c-k-c0x00ffffff-no-rj,,,,,,0,unknown,[],[],[],2026-07-01T22:28:55.536Z
UC3Ruo_5doyu514PesWGvCAg,Aoi ch.,Fuji Aoi,vtuber,Independents,,https://yt3.ggpht.com/Q-CUXLJCa9cBU0Woo5uXHcb6STyHBJwDfeyVV5_lcKlCoOEq__Rd41B94YgvJpZFt_JeMFPbI10=s800-c-k-c0x00ffffff-no-rj,,,,,,0,unknown,[],[],[],2026-07-01T22:28:55.536Z
UCG_UQg-S5Fofys7M10HpyCw,Athy Ch. 🦉💉,Athy,vtuber,Independents,,https://yt3.ggpht.com/zNk73T_i_H6OHIJiF1ibPjYn89DNfRmG7UFdXabznJP2ghkxgtmjH_f3uVzL-x1oBpgHCk7t=s800-c-k-c0x00ffffff-no-rj,,,,,,0,unknown,[],[],[],2026-07-01T22:28:55.536Z
UCtk3KnxYCoGiyrLVdIOgG1Q,BOOGEY VOXX -official-,BOOGEY VOXX,vtuber,Independents,,https://yt3.ggpht.com/ytc/AL5GRJUiKYzvooSANw4ko3WmffDuCSoljuUOtPdCT98K=s800-c-k-c0x00ffffff-no-rj,,,,,,0,unknown,[],[],[],2026-07-01T22:28:55.536Z
UCZQ7nZ8Lc7pslBN0gN1Jg0w,Bao The Whale,Bao,vtuber,Twitch Independents,,https://yt3.ggpht.com/Vh9zvwmdAlHUowsivXzw43b_ef7j1iY8o2Tc3NaoNbwpNzUfno6u9wLoVoVA1uw8UAVuMe8=s800-c-k-c0x00ffffff-no-rj,,,,,,0,unknown,[],[],[],2026-07-01T22:28:55.536Z
UCWrxLFxCjH3_1Ii-SGEBsdQ,Deidey,Deidey,vtuber,Independents,,https://yt3.ggpht.com/R53BLExf4adSViWl9VXiSHWMqkYbPSF_s-PFkb_WvbHlFBO-M-PTZMvu-RPQLzBaPpbLLUs67Q=s800-c-k-c0x00ffffff-no-rj,,,,,,0,unknown,[],[],[],2026-07-01T22:28:55.536Z
UCkcenwQpQwgNkG2sl28Az-A,Devilith Violustre【黛比】,Devilith Violustre,vtuber,Independents,,https://yt3.ggpht.com/YgXhoz95_7-niz7dqQ9-ItqjN-w1_X8WiAgQmXRVuELhYQ0sdHLYXPsbZ8VuG3l6q75nL8cTddg=s800-c-k-c0x00ffffff-no-rj,,,,,,0,unknown,[],[],[],2026-07-01T22:28:55.536Z
UCyapmNSsYj2KkoQEhZEhxrw,Elaine Celestia Ch.『 Re:Memories 』,Elaine Celestia,vtuber,ReMemories,,https://yt3.ggpht.com/E6elclmA24FxYUzlWhejm2FHRxIF_5_C_EmBbO7MoDkjlWQPNbskhmYCFHAUUT7Po52Vgz-S7w=s800-c-k-c0x00ffffff-no-rj,,,,,,0,unknown,[],[],[],2026-07-01T22:28:55.536Z
UCO6ngsu6Bx1SnJgL1iLyafA,Funin Mamori【MagniV】,Funin Mamori,vtuber,AKA Virtual,,https://yt3.ggpht.com/2uM8pZ9RsW48xJvZnsvwWwYeViSfYrEm1vvNEUdlDtZ7hp3UbaUV17NlIsPr7gRmibM-jn1fxw=s800-c-k-c0x00ffffff-no-rj,,,,,,0,unknown,[],[],[],2026-07-01T22:28:55.536Z
UCK4lZqiWNuOf-CTyX3Qbj1w,Gabriel Abyssia,Gabriel Abyssia,vtuber,Independents,,https://yt3.ggpht.com/YeF-v2PXOmn5nzme0MNqQADZG5HQy1MTWNEzkVo2TkjDssFmTsVDkuIwZP1OWvq3Yd0mEGP04w=s800-c-k-c0x00ffffff-no-rj,,,,,,0,unknown,[],[],[],2026-07-01T22:28:55.536Z
UC7XCjKxBEct0uAukpQXNFPw,HACHI,HACHI,vtuber,RK Music,,https://yt3.ggpht.com/05rQUAr9zSFin0rbtoeazMFe5zzJsUfwOksay0tS6-ySgH-YKBlge4ZD8zQSkBv2wg8vSdgU2g=s800-c-k-c0x00ffffff-no-rj,,,,,,0,unknown,[],[],[],2026-07-01T22:28:55.536Z
UCFv2z4iM5vHrS8bZPq4fHQQ,HIMEHINA Channel,HIMEHINA,vtuber,Brave Group,,https://yt3.ggpht.com/nPHRhyl-fq_XwruRR5btA8_lafZKoc86TZBBDx6XjiclwI1qU51ejBG_wwj69CdWKyDyDmLM=s800-c-k-c0x00ffffff-no-rj,,,,,,0,unknown,[],[],[],2026-07-01T22:28:55.536Z
UCsk_mKQyv_xdhahUBqoVhcg,Haruka Karibu,,vtuber,Twitch Independents,,https://yt3.ggpht.com/mMPeRuDhuoMea7oT6kWnKNKhDVpftnfIkmhIdkXB67ZsiO0mY0hIkUU1_5VyHIVef_jrAl49HWg=s800-c-k-c0x00ffffff-no-rj,,,,,,0,unknown,[],[],[],2026-07-01T22:28:55.536Z
UCEkOIpdTU2rNcY1a0iVhQig,Hazumi,Hazumi Aileen Okazaki,vtuber,Twitch Independents,,https://yt3.ggpht.com/OFmHbL9uqQ2ZEn94S4-ftZVKM5_h-Zq_obpZCPdypZg4nNpaX2EPBNxXwCvx-ngNvS4qd8XqpQ=s800-c-k-c0x00ffffff-no-rj,,,,,,0,unknown,[],[],[],2026-07-01T22:28:55.536Z
UCPUcv2Zv9WhH6y8H1A9uWfg,Hebi.,Hebi.,vtuber,Independents,,https://yt3.ggpht.com/ax5P4BaqYd-R2bSbcFYEK_0Ye9u8jRt2vMNcKyb7xm2nuZU2wtB_hehwE5Nd94RrdWABgZBc=s800-c-k-c0x00ffffff-no-rj,,,,,,0,unknown,[],[],[],2026-07-01T22:28:55.536Z
UC6JkRqQXgdvmkBrc-fIl5RQ,Juliana Shafira,Juliana Shafira,vtuber,AKA Virtual,,https://yt3.ggpht.com/kAjDTrgqKm3gt7kWvvYTBcMAYgToc_lfHVvvTt9FTKMRhxC1jMwgFaSF8pAkRruBsaLI_nq4eA=s800-c-k-c0x00ffffff-no-rj,,,,,,0,unknown,[],[],[],2026-07-01T22:28:55.536Z
UC10BM9XdLdrvB8japwmRUvA,Kanaria,,vtuber,Independents,,https://yt3.ggpht.com/RpY4QKxCb03ZURM-aCfDOSGncglNqMAqAmHExcIJZMLCVcRbnZ4UQ9AHTRykI9tr6Gk2Dzjd=s800-c-k-c0x00ffffff-no-rj,,,,,,0,unknown,[],[],[],2026-07-01T22:28:55.536Z
UCcpgDsHDYHO1UyfpwjyNx1g,Kiichan Ch. 狐井アキラ,Kitsui Akira,vtuber,Independents,,https://yt3.ggpht.com/EoJLelX2dO78iVI9jvUwkiqd9LjKIqp82JluwpSKXCpFJkn0RQzkc44mFMs_rTm6JF6PXanP=s800-c-k-c0x00ffffff-no-rj,,,,,,0,unknown,[],[],[],2026-07-01T22:28:55.536Z
UCFVkfdFmaOh7BCtrqw8YvaA,Kureha Kurono 黒乃くれは,Kureha Kurono,vtuber,Independents,,https://yt3.ggpht.com/vkoT1C9fdsCpRV5C719qRTPh400UXXNu09oZPraHdB9lvvMJwRf2lsoO3WEctNjrApkx18rh3A=s800-c-k-c0x00ffffff-no-rj,,,,,,0,unknown,[],[],[],2026-07-01T22:28:55.536Z
UC8THb_fnOptyVgpi3xuCd-A,LeeandLie (AmaLee),AmaLee,vtuber,Twitch Independents,,https://yt3.ggpht.com/GI9KhAIJ7aeGDiMSuR4se3sg2uUOJxFIInpfujt5zey1CXnwVYFle5slDWvnvV7XFx3KIQaZSw=s800-c-k-c0x00ffffff-no-rj,,,,,,0,unknown,[],[],[],2026-07-01T22:28:55.536Z
UCsiKFVHkQSMlSe0vaCG0anw,MaiR,MaiR,vtuber,Independents,,https://yt3.ggpht.com/CHi_adUGiXZtmNf2wkrBlIVOM-zTgqR90q5Ulwce2MZVfLkGoQ_OVAnVvaA8G5qeea8rlYltug0=s800-c-k-c0x00ffffff-no-rj,,,,,,0,unknown,[],[],[],2026-07-01T22:28:55.536Z
UCNA0XC_zxS63d4Q-JMIMyug,MeguRoom.東雲めぐ,Shinonome Megu,vtuber,Independents,,https://yt3.ggpht.com/Jm5DzfMWwXOhLLYU2tfZk4zZnoZWob0HEsLQMzd0WM-rEUSVcKgdkRyohW4MUe4KrRt49wzj8A=s800-c-k-c0x00ffffff-no-rj,,,,,,0,unknown,[],[],[],2026-07-01T22:28:55.536Z
UCnS5IYNyGKOti9cFlK5SefQ,Michi Mochievee,Michi Mochievee,vtuber,Twitch Independents,,https://yt3.ggpht.com/9PZV-nf7AVBWNxVLEbWOIwDqgtp6vyFI2dWQhpRkAnM7g0H11wNJiY7CQKb-ugEQsahK-Zb2UGQ=s800-c-k-c0x00ffffff-no-rj,,,,,,0,unknown,[],[],[],2026-07-01T22:28:55.536Z
UCahgMxSIQ2zIRrPKhM6Mjvg,Mika Melatika【NIJISANJI・にじさんじ】,Mika Melatika,vtuber,Nijisanji,,https://yt3.ggpht.com/f3f1Jf9JTRruy7CGCEIAMAog2oloDEp6btGH-wNFuCBOKV7xT9SO6y2Mom3-zE3KqtVhiGJ6_3c=s800-c-k-c0x00ffffff-no-rj,,,,,,0,unknown,[],[],[],2026-07-01T22:28:55.536Z
UChzCoQgVaFWv_akaA6JI7mg,Milky Queen Vsinger,Milky Queen,vtuber,Independents,,https://yt3.ggpht.com/6DpQlh6RcPria8Netas6S4Sa_GXn1ADFC_HOqLwZaW_CG3YSkmAB4kuEAsG865UEabNASgUs=s800-c-k-c0x00ffffff-no-rj,,,,,,0,unknown,[],[],[],2026-07-01T22:28:55.536Z
UCyKsg-57XC9pyHbP7v3kCPQ,Miori Celesta,Miori Celesta,vtuber,Independents,,https://yt3.ggpht.com/Q0w45rY6mWM8OdwqbGiPglvN-RmDRK0ROWVCZadC94ZkY0lp5WrD4CEXwGx79mukngFMTCsumQ=s800-c-k-c0x00ffffff-no-rj,,,,,,0,unknown,[],[],[],2026-07-01T22:28:55.536Z
UCkYmpSIAkPgNg4wBeNn9JAA,Mosa,Mosa,vtuber,AKA Virtual,,https://yt3.ggpht.com/-_8pmUhdNa2pWYmG6pk6uFIvir3s2LFJbcH3ZdimOLPk8vl2jJQlzWqH6qQaaxZzqID9Y7XD3A=s800-c-k-c0x00ffffff-no-rj,,,,,,0,unknown,[],[],[],2026-07-01T22:28:55.536Z
UCwAX4JrrsHqs05yKQh03keg,Necronival 🍭🎀【VTUBER】,Necronival,vtuber,Twitch Independents,,https://yt3.ggpht.com/E2laygccerVHvUKkrb-Zqtzak9zFCBsQxS7I5CwX-AE_iN1Uf1GtcC0QLb7v1RlTxlIrosfe2Q=s800-c-k-c0x00ffffff-no-rj,,,,,,0,unknown,[],[],[],2026-07-01T22:28:55.536Z
UCu1INzefw3R7M9-3QEHYmMQ,Nene Amano Ch. 天野寧々,Nene Amano,vtuber,Independents,,https://yt3.ggpht.com/MKC1f-SifR-HMfH1nXCKJaTVuMTuL7fKPOgKXAHp5cU3DtLdRok9IJUFQVS-gGmpRwVTHP-Jug=s800-c-k-c0x00ffffff-no-rj,,,,,,0,unknown,[],[],[],2026-07-01T22:28:55.536Z
UCJjjeqEYMSzdsKt6vJ78WVw,Pan VTuber パン,Pan,vtuber,Independents,,https://yt3.ggpht.com/Uj8fUIQZcvYO1Vg4o8QBxNV7cKKyYmpdcLYGFFRfoIcI38meZFHtUrsWcaS7jSkk876r8lcUoQ=s800-c-k-c0x00ffffff-no-rj,,,,,,0,unknown,[],[],[],2026-07-01T22:28:55.536Z
UCeLzT-7b2PBcunJplmWtoDg,Patra Channel / 周防パトラ,Suou Patra,vtuber,Independents,,https://yt3.ggpht.com/9bmfvpOGJ1Hx2X3r9YWN_o7XSDpqaj_8yHdtDUk21s18Div00kZFmDW4n_IcGz-_nQX-FfwJ=s800-c-k-c0x00ffffff-no-rj,,,,,,0,unknown,[],[],[],2026-07-01T22:28:55.536Z
UCIa2OxCyhjWjJke-9yYNbwA,Pia Meraleo - JKT48V,Pia Meraleo,vtuber,Independents,,https://yt3.ggpht.com/6IOEgVvPXOJxjpnnFdnrhVwtzQ96FPTLOiDJi-MLK2bw-DxdC_ZTtivwvV425ZV_FuxFyaE_3A=s800-c-k-c0x00ffffff-no-rj,,,,,,0,unknown,[],[],[],2026-07-01T22:28:55.536Z
UCBsIaqYpBHUPpf9n69lM8PA,Rae Laveire,,vtuber,Independents,,https://yt3.ggpht.com/madHcG03dD8U0M0WiB279exOHkmpFN8VZiREz_cIGXPQsBKxIVHomKonp6XjOkbAEl6nbC_6-Q=s800-c-k-c0x00ffffff-no-rj,,,,,,0,unknown,[],[],[],2026-07-01T22:28:55.536Z
UCRvpMpzAXBRKJQuk-8-Sdvg,Ran Channel / 日ノ隈らん,Hinokuma Ran,vtuber,Independents,,https://yt3.ggpht.com/mt0LiORExLVMPfBMjTYIgyc34GZeM5mdJdP3aCfrWFJoHyHknO0FCgG24wDESHqFAn8Jedq5=s800-c-k-c0x00ffffff-no-rj,,,,,,0,unknown,[],[],[],2026-07-01T22:28:55.536Z
UCKu59gTZ_rdEmerdx5rV4Yg,Ren Zotto 【NIJISANJI EN】,Ren Zotto,vtuber,Nijisanji,,https://yt3.ggpht.com/ZvpWDidOvm_9UnejMCODc3culF4kl6S5habu5ZcO6beczmcYE2kkcB6JEjOQOCOp_0_fV1_5HA=s800-c-k-c0x00ffffff-no-rj,,,,,,0,unknown,[],[],[],2026-07-01T22:28:55.536Z
UCLraGWhk3uoEnZimNDDH8pA,Rora Meeza【ALTERLY】,Rora Meeza,vtuber,Independents,,https://yt3.ggpht.com/u9uJAkHOI_4tM3W4FOLoPpVZy1XlpXfJzZ7IX4kMBAuqHGDmYj_sm7UA8QilJX3pk1FC1OpE=s800-c-k-c0x00ffffff-no-rj,,,,,,0,unknown,[],[],[],2026-07-01T22:28:55.536Z
UC0dxRCCm9obKSTaamLSKbIA,Skiddosaurus Rex Ch.,Skiddosaurus Rex,vtuber,Independents,,https://yt3.ggpht.com/T9KQK2dCfb_o9XKCB-ZR_czLuQ7nQQPZcaF_DMR9s9fMcgy8ewfyluokh88IQJL-VRkxtqgWZA=s800-c-k-c0x00ffffff-no-rj,,,,,,0,unknown,[],[],[],2026-07-01T22:28:55.536Z
UC8NZiqKx6fsDT3AVcMiVFyA,Tamaki Ch. 犬山たまき / 佃煮のりお,Inuyama Tamaki / Tsukudani Norio,vtuber,Nori Pro,,https://yt3.ggpht.com/XcfBmVtTZbkhgZvkIfx8hAorsTfUjmK9NQfUGLTHQTPsvlsh6bBhQlnxvxE-BJZLF1JRpI4Y=s800-c-k-c0x00ffffff-no-rj,,,,,,0,unknown,[],[],[],2026-07-01T22:28:55.536Z
UCyam-qAWHwBoVnTNXk3gHbQ,Tana Nona - JKT48V,Tana Nona,vtuber,Independents,,https://yt3.ggpht.com/1kMe9hQYQvNTnJMiEpBXmMQf4X5VOndpd3QhOjzDBOltCSDutaQgGnQAQjueAbwj1RK_x8UG=s800-c-k-c0x00ffffff-no-rj,,,,,,0,unknown,[],[],[],2026-07-01T22:28:55.536Z
UCrJWs9LeZ0LcnHfRxi8OKPQ,Tomoya Ch.,Uzuki Tomoya,vtuber,Independents,,https://yt3.ggpht.com/RY72TSyTr2fcpM6QLsYVZbpPUeG8kzU8N2Ly_yIP9ezssm_TWrJ63w48koVDSAX4ASgKPB-1sg=s800-c-k-c0x00ffffff-no-rj,,,,,,0,unknown,[],[],[],2026-07-01T22:28:55.536Z
UCaWuiIyX89dLP5H4pA7QAvQ,X’Flare project,X'Flare,vtuber,X enc'ount,,https://yt3.ggpht.com/ytc/AMLnZu9oMr_j_mRZZrtvZRHrM3NfdPBSghNHZAOLKoFD6g=s800-c-k-c0x00ffffff-no-rj,,,,,,0,unknown,[],[],[],2026-07-01T22:28:55.536Z
UCHTnX0CSX_KObo5I9WuZ64g,YuNi - official channel -,YuNi,vtuber,Independents,,https://yt3.ggpht.com/ytc/AIdro_m_KUysAaTVb7g_hYb4T9AEqw1WBGY6vSj7Bg18WNzZVik=s800-c-k-c0x00ffffff-no-rj,,,,,,0,unknown,[],[],[],2026-07-01T22:28:55.536Z
UCWNVjAzZmYUni8YBXYiy01w,dtto.,dtto.,vtuber,REJECT,,https://yt3.ggpht.com/3SotsPaIwILzp3_cA5E-NJGd8a2Qkw0wGfKZx74Uu3XpoKEalgXQEXhgQCwbwt4aC7EaAsPSyQ=s800-c-k-c0x00ffffff-no-rj,,,,,,0,unknown,[],[],[],2026-07-01T22:28:55.536Z
UChgPVLjqugDQpRLWvC7zzig,ironmouse,,vtuber,Independents,,https://yt3.ggpht.com/Hw_8fnZCI8UeE2G3S0sFMmJeETgR34JbzYKNv_XTsYIiSthwKR1LWrOCqOkB-jKHXTlAbhfkeJw=s800-c-k-c0x00ffffff-no-rj,,,,,,0,unknown,[],[],[],2026-07-01T22:28:55.536Z
UC_AGUYW4usybdi-WTZQcYxg,njess,njess,vtuber,AKA Virtual,,https://yt3.ggpht.com/yi2tQDdg7oBYTEejxySnv9ZQvCASrXCanHls8XQraNs8JZXdYNvBfgDNMdBUNqiQhhQhkw47Zw=s800-c-k-c0x00ffffff-no-rj,,,,,,0,unknown,[],[],[],2026-07-01T22:28:55.536Z
UCLpYMk5h1bq8_GAFVBgXhPQ,《IzumoKasumi》Project channel【にじさんじ】,Izumo Kasumi,vtuber,Nijisanji,,https://yt3.ggpht.com/ytc/AMLnZu8QVJd9vn3z0StcTTThf0IgcNVxNTSwZQa_IYLmkA=s800-c-k-c0x00ffffff-no-rj,,,,,,0,unknown,[],[],[],2026-07-01T22:28:55.536Z
UC5WJgKelM1YO3AsXtR-t4SQ,おさナズちゃんねる -OsaNazu Channel-,Osa Nazu,vtuber,Independents,,https://yt3.ggpht.com/ytc/AIf8zZT8Ju8WtGMaib1x4iuohWdV-_6J2Bmp56BEDxEK=s800-c-k-c0x00ffffff-no-rj,,,,,,0,unknown,[],[],[],2026-07-01T22:28:55.536Z
UC9waZzsHhV-IsUuN7PReyfQ,がんばるぅ子 RUUKO CHANNEL,Ganbaruuko,vtuber,Independents,,https://yt3.ggpht.com/mqoBYP60sXknDywRjxXR_HRjKiN9NEoyy1i4HPbRhXs8Sxp4-9tLpfDqzaQPahMr9TInbKbSmoU=s800-c-k-c0x00ffffff-no-rj,,,,,,0,unknown,[],[],[],2026-07-01T22:28:55.536Z
UCt30jJgChL8qeT9VPadidSw,しぐれうい,Shigure Ui,vtuber,Independents,,https://yt3.ggpht.com/ytc/AIdro_m6xQ9ez0I8lnwswHqAns9ZRPsaCCutfzu6eUbM7pwzqsA=s800-c-k-c0x00ffffff-no-rj,,,,,,0,unknown,[],[],[],2026-07-01T22:28:55.536Z
UCO0HdDEA0ZpTf_gSPqGulEg,ぺぺち ch. アーリオ オーリオ エ ペペロンチーノ🧄🌶️,Aglio Olio e Peperoncino,vtuber,Independents,,https://yt3.ggpht.com/JjriTzl7xhu3n4JApM_jn73h-Lxg0cDBd7KZB7_uWxkAeembciNmOHtwVltLPW-CYNIiEpyqFQ=s800-c-k-c0x00ffffff-no-rj,,,,,,0,unknown,[],[],[],2026-07-01T22:28:55.536Z
UCLMC54YctropOupFX8jyz9A,エルぽきちゃんねる!,Else w/ Poki the Shark,vtuber,Independents,,https://yt3.ggpht.com/pFmfVQ_g8_9nsGc5GLhiUo--2WBwVkiFNoZgqs2zPtwojoLoo7a3-UCWF_dd0FXYtXLLEflQxQ=s800-c-k-c0x00ffffff-no-rj,,,,,,0,unknown,[],[],[],2026-07-01T22:28:55.536Z
UCbfv8uuUXt3RSJGEwxny5Rw,カグラナナchannel／ななかぐら,Kagura Nana,vtuber,Independents,,https://yt3.ggpht.com/Lrkb820ziKH17d7ZpORwUM5EwHe3-LCl5fVRrzSjb0gvrdFNcdCdFNHHBPW-FjawIq-QaPL3B5Y=s800-c-k-c0x00ffffff-no-rj,,,,,,0,unknown,[],[],[],2026-07-01T22:28:55.536Z
UCSgwEeOm7mrwPapt6PUt_5Q,ゾンちゅう〜ゾンビJKはゲーム配信中〜,Zonchu,vtuber,Independents,,https://yt3.ggpht.com/GVJNX-Qfx7GBvrGw7x5isWLm1gneYy1t7Y1zbC5l2NPT60zCNH9xD0Ajt2s1bFbhX8Qd_EV9sQ=s800-c-k-c0x00ffffff-no-rj,,,,,,0,unknown,[],[],[],2026-07-01T22:28:55.536Z
UC53UDnhAAYwvNO7j_2Ju1cQ,ドーラ,Dola,vtuber,Nijisanji,,https://yt3.ggpht.com/ytc/AIdro_lhYG4sK8nzyhknFqTpq23-g2GWZ3cOaCC-TJ-3NpJgubM=s800-c-k-c0x00ffffff-no-rj,,,,,,0,unknown,[],[],[],2026-07-01T22:28:55.536Z
UCZYyhgoV314CM14zBD6vd4A,バーチャル債務者youtuber天開司,Tenkai Tsukasa,vtuber,Independents,,https://yt3.ggpht.com/ytc/AIdro_nUwjLjpf5w9lR7y1wBqbegud6kMqMj0oaFJ2_8EAbSHF4=s800-c-k-c0x00ffffff-no-rj,,,,,,0,unknown,[],[],[],2026-07-01T22:28:55.536Z
UCmgWMQkenFc72QnYkdxdoKA,ピーナッツくん!オシャレになりたい!,Peanuts-kun,vtuber,Independents,,https://yt3.ggpht.com/QxRUZUGTwtVnKxbqBjAZPJHVT7rTTArOQcV_hvY7efaN_ms1Jt8mvhencEgNx44Jw09oXXXmyA=s800-c-k-c0x00ffffff-no-rj,,,,,,0,unknown,[],[],[],2026-07-01T22:28:55.536Z
UCwrjITPwG4q71HzihV2C7Nw,フミ/にじさんじ,Fumi,vtuber,Nijisanji,,https://yt3.ggpht.com/ytc/AIdro_l4dgYuIOXATSAFlEBsnLLqb1xZn7lGRFDZGH8imkqspJo=s800-c-k-c0x00ffffff-no-rj,,,,,,0,unknown,[],[],[],2026-07-01T22:28:55.536Z
UCtnO2N4kPTXmyvedjGWdx3Q,レヴィ・エリファ-Levi Elipha-,Levi Elipha,vtuber,Nijisanji,,https://yt3.ggpht.com/qIxaV0ZDwcFuWFF30eqKgnOLzoAlDF0syhRJC-k2DhfSCAbk1i4x6UhNRcBHGdhFjfXLWrbwbA=s800-c-k-c0x00ffffff-no-rj,,,,,,0,unknown,[],[],[],2026-07-01T22:28:55.536Z
UCpmSwekVKXnObCY7hpdHXdQ,七海うらら*歌channel,Nanami Urara,vtuber,Independents,,https://yt3.ggpht.com/Tm39Edt73l3QAkHUHoicdEKeh6pkuOeLMFArFbsihB9YfW2CEzppJqGVVSdxcc_4WyG239m6Ig=s800-c-k-c0x00ffffff-no-rj,,,,,,0,unknown,[],[],[],2026-07-01T22:28:55.536Z
UCiA-trSZfB0i92V_-dyDqBw,倉持めると / Kuramochi Meruto【にじさんじ】,Kuramochi Meruto,vtuber,Nijisanji,,https://yt3.ggpht.com/TsnQIzAes9ibl0R2ZgRxxlwvtEe8w748U3JKXQDt8fjLIFJQpWiYCW10euMJp9tYNwl3kRhFiXE=s800-c-k-c0x00ffffff-no-rj,,,,,,0,unknown,[],[],[],2026-07-01T22:28:55.536Z
UC8UZk3EE_LPxWNyQ7RUDCYA,千条アリア/ARIA PROJECT,Senjyo Aria,vtuber,Independents,,https://yt3.ggpht.com/ytc/APkrFKahykixsgL28jK1hOrFhAnMLXez4LH2cVwPnV_f=s800-c-k-c0x00ffffff-no-rj,,,,,,0,unknown,[],[],[],2026-07-01T22:28:55.536Z
UCzsCWYuvPUky3-DKzphYbEw,司賀りこ / Shiga Riko【にじさんじ】,Shiga Riko,vtuber,Nijisanji,,https://yt3.ggpht.com/S3axkbeG1B8GY-YAJVUDxHd3ccJNEJga8gBkWt3S5DpQ1pIBxk4HrfLCio4CkqT9j1x6Cmc1YwM=s800-c-k-c0x00ffffff-no-rj,,,,,,0,unknown,[],[],[],2026-07-01T22:28:55.536Z
UCE5rWcDxLPaaUFWOxzJFfNg,塩天使ちゃんねる,Shiotenshi Rieru,vtuber,Independents,,https://yt3.ggpht.com/h2XtNcmqjHHpUvZy7ijlJghg0VsC1LLiEx9RbkzGsv4vdoGwTu0_wJWwhh4FPjBxOMNpEp7CyQ=s800-c-k-c0x00ffffff-no-rj,,,,,,0,unknown,[],[],[],2026-07-01T22:28:55.536Z
UCgIfLpQvelloDi8I0Ycbwpg,壱百満天原サロメ / Hyakumantenbara Salome,Hyakumantenbara Salome,vtuber,Nijisanji,,https://yt3.ggpht.com/NyYcHZHhIn7uOI6F3ej5GSp2C2pTGVZCvAP9PMTcJ21Mv9oCnX57luY33HQhtWvwjp9bWSicyQ=s800-c-k-c0x00ffffff-no-rj,,,,,,0,unknown,[],[],[],2026-07-01T22:28:55.536Z
UCAr7rLi_Wn09G-XfTA07d4g,天神 子兎音 Tenjin Kotone,Tenjin Kotone,vtuber,Independents,,https://yt3.ggpht.com/ytc/AIdro_m6RhFJS8bcypZqLaSIovfSwgi_WTmy1ImpTh5_2knO6A=s800-c-k-c0x00ffffff-no-rj,,,,,,0,unknown,[],[],[],2026-07-01T22:28:55.536Z
UCpHIwGHq_3OfX42cyfyJp-A,奏みみ / MiMi KANADE,KANADE MiMi,vtuber,Independents,,https://yt3.ggpht.com/qNpYEox_ZiOwXw6gJqHkIXMX1cSJ2in8RQCTquolmeNiLsIuSiSce-93Fwex-glZ9bmD_9wn=s800-c-k-c0x00ffffff-no-rj,,,,,,0,unknown,[],[],[],2026-07-01T22:28:55.536Z
UCSCmu_VjL4RR7rBjrvSAwSg,字ぴろぱる / AZANA PIROPARU,Piroparu,vtuber,Nori Pro,,https://yt3.ggpht.com/W9sHWvVggXF1OS4XQ9Bo1_vHdbpylD2iD8etfC72yaUG0l_kZBYO-hNZSwHoqeoOSlZElivsdw=s800-c-k-c0x00ffffff-no-rj,,,,,,0,unknown,[],[],[],2026-07-01T22:28:55.536Z
UCXRlIK3Cw_TJIQC5kSJJQMg,戌亥とこ -Inui Toko-,Inui Toko,vtuber,Nijisanji,,https://yt3.ggpht.com/mAVvYycYugOwsRena2BMCbGTYN7Saf3gv5Q9t38eqv_abA7djd-0WEPfRlqrzl8T4QWduoWtgA=s800-c-k-c0x00ffffff-no-rj,,,,,,0,unknown,[],[],[],2026-07-01T22:28:55.536Z
UCez5D_dtExDJzQOAzg1k1RQ,折咲もしゅch-Moshu Orisaki-,Orisaki Moshu,vtuber,REJECT,,https://yt3.ggpht.com/Go2Zwoy_FnXEEYwxhVaEvJ7yIii0bc5415GAS7tpWkX-MGVvbvYfp5a6svtSC4isPBvopLbnPA=s800-c-k-c0x00ffffff-no-rj,,,,,,0,unknown,[],[],[],2026-07-01T22:28:55.536Z
UCM9B5B7NjnO7z6uPXixMa7w,文化放送V&R,Bunka Housou V&R,vtuber,Independents,,https://yt3.ggpht.com/ytc/AIdro_lASMYow7WdioXJSst6P4DmOm40thiZT2U4Q3SHA90yHw=s800-c-k-c0x00ffffff-no-rj,,,,,,0,unknown,[],[],[],2026-07-01T22:28:55.536Z
UC3uUvmAEpMb6Pqilssmyksg,星天ちゃんねる,Seiten Channel,vtuber,Independents,,https://yt3.ggpht.com/G_bCcA88pqHV0PLAT2ecIxJ2mdm8iJUn8Ee4-sGULF_SBKvfpMsOFSYU94Y9bSDJuUnod74CUQ=s800-c-k-c0x00ffffff-no-rj,,,,,,0,unknown,[],[],[],2026-07-01T22:28:55.536Z
UC9V3Y3_uzU5e-usObb6IE1w,星川サラ / Sara Hoshikawa,Hoshikawa Sara,vtuber,Nijisanji,,https://yt3.ggpht.com/ytc/AIdro_mWoZ_onsr56ZbnQQ21cnkYPfKTMJNHN3UOc1lmr44mTuc=s800-c-k-c0x00ffffff-no-rj,,,,,,0,unknown,[],[],[],2026-07-01T22:28:55.536Z
UCD-miitqNY3nyukJ4Fnf4_A,月ノ美兎,Tsukino Mito,vtuber,Nijisanji,,https://yt3.ggpht.com/hxux-a8Xfr0O0_Age9LPgRfnVwsXD1SRT-zmNIyr_0ked6CWIKPKxvKzyOfH0tLKPUEPpL-MvA=s800-c-k-c0x00ffffff-no-rj,,,,,,0,unknown,[],[],[],2026-07-01T22:28:55.536Z
UCBFK95CIJNQmAlsCx22tZDQ,月波 ナト-Nato Tsukinami-,Tsukinami Nato,vtuber,Independents,,https://yt3.ggpht.com/jrlJ38EQELUlIQwvj_VnvQU9sh-_pO91svwL17c576A9iOJ7VTsZyqIMjZTRT4wwj0i0I8u0Jw=s800-c-k-c0x00ffffff-no-rj,,,,,,0,unknown,[],[],[],2026-07-01T22:28:55.536Z
UC_4tXjqecqox5Uc05ncxpxg,椎名唯華 / Shiina Yuika,Shiina Yuika,vtuber,Nijisanji,,https://yt3.ggpht.com/ytc/AIdro_lSKtnq1fRJH-om5Pbg4ob1avtD83-LWmF5RdFSucDVy1Q=s800-c-k-c0x00ffffff-no-rj,,,,,,0,unknown,[],[],[],2026-07-01T22:28:55.536Z
UCsg-YqdqQ-KFF0LNk23BY4A,樋口楓【にじさんじ所属】,Higuchi Kaede,vtuber,Nijisanji,,https://yt3.ggpht.com/8IvNB1yT48uO5JrmJ5aKP5DO3oAydtZ2PSyFq7Z-HLpgkAUvsf9O552DbSfkgD_q0CbHvMjeSA=s800-c-k-c0x00ffffff-no-rj,,,,,,0,unknown,[],[],[],2026-07-01T22:28:55.536Z
UCVFpIqGoTmFaoMmyFPRYrKA,水科葵 [GEMS COMPANY ジェムカン],Mizushina Aoi,vtuber,Independents,,https://yt3.ggpht.com/MB3GbSho47dI_o3FH5ZMndBqfc9eieTnY8w6E0_aPaZVmbz1vxTVrbBBx4cSxNByhyR-jQAt1g=s800-c-k-c0x00ffffff-no-rj,,,,,,0,unknown,[],[],[],2026-07-01T22:28:55.536Z
UCwRKt_raV3N5KZgxcFyC1vw,燦鳥ノム - SUNTORY NOMU -,Suntory Nomu,vtuber,Independents,,https://yt3.ggpht.com/ytc/AIdro_m8rUWrQLh6wE1z_qQw40Tl9ZgqwjolP9VZdRdrlnrte6M=s800-c-k-c0x00ffffff-no-rj,,,,,,0,unknown,[],[],[],2026-07-01T22:28:55.536Z
UCC0i9nECi4Gz7TU63xZwodg,白雪みしろShirayuki Mishiro,Shirayuki Mishiro,vtuber,Independents,,https://yt3.ggpht.com/KcyIv0pSkO_STbvBc6P4OhoxasD7wGrYaOsxNMIlItkmaKKMIk-YcbG6VMKBs1qtZfo_iugb=s800-c-k-c0x00ffffff-no-rj,,,,,,0,unknown,[],[],[],2026-07-01T22:28:55.536Z
UCWCc8tO-uUl_7SJXIKJACMw,神楽めあ / KaguraMea,Kagura Mea,vtuber,Independents,,https://yt3.ggpht.com/0GzxPuypVkTxz6Om-wv5x81zv9YzibRJEiE-RYSW4lb0oaW-SHHyc8-CWSOf2LoMWMnbw-U_rg=s800-c-k-c0x00ffffff-no-rj,,,,,,0,unknown,[],[],[],2026-07-01T22:28:55.536Z
UC7EJ9bOU9uPfbsfywy26siw,紫月るぴ〔Shinotsuki Lupi〕,Shinotsuki Lupi,vtuber,Independents,,https://yt3.ggpht.com/fxZn6XB_gLvyqd9tzwMIK-mpgzxk3qBtRygIE2EW-d36l3jyhXa19u_LlwiSGJwBw4UFcDD8XQ=s800-c-k-c0x00ffffff-no-rj,,,,,,0,unknown,[],[],[],2026-07-01T22:28:55.536Z
UCt5-0i4AVHXaWJrL8Wql3mw,緑仙 / Ryushen,Ryushen,vtuber,Nijisanji,,https://yt3.ggpht.com/gqKMT95qDCACrpgG3iGrTOfELcpwIkIao4PFK-3vnmQusaS_1RW7yxjBXOVpXs3B_iNOegIT=s800-c-k-c0x00ffffff-no-rj,,,,,,0,unknown,[],[],[],2026-07-01T22:28:55.536Z
UCIcAj6WkJ8vZ7DeJVgmeqKw,胡桃のあ,Kurumi Noah,vtuber,VSpo,,https://yt3.ggpht.com/P0TCuLWSv_bK-G6p7j-wY2XM6w78G8Z-vtZ-XxkuIXfjFuScBCL3_LLCl1W6dgdMe3GcikiskQ=s800-c-k-c0x00ffffff-no-rj,,,,,,0,unknown,[],[],[],2026-07-01T22:28:55.536Z
UCQ1U65-CQdIoZ2_NA4Z4F7A,花譜 -KAF-,KAF,vtuber,KAMITSUBAKI,,https://yt3.ggpht.com/78Fnb6YkudgD4OPMHJ5oYFv8zFPP81omr-xwJu3ri6XRTaTASDelk04a48Sb3vwwSOqVW2bUMb8=s800-c-k-c0x00ffffff-no-rj,,,,,,0,unknown,[],[],[],2026-07-01T22:28:55.536Z
UCWV9E1l5YItrPEAWHoNmieQ,赤見かるび / Karubi Akami,Akami Karubi,vtuber,Twitch Independents,,https://yt3.ggpht.com/MMSjSWacSnNMppeJ2iI6BfVQ0BQl8EKkl3Woi7HQg55d-06MHRK3xwp62Z7ti10xN1CZOde0=s800-c-k-c0x00ffffff-no-rj,,,,,,0,unknown,[],[],[],2026-07-01T22:28:55.536Z
UCT1AQFit-Eaj_YQMsfV0RhQ,銀河アリスの地球侵略ch.,Ginga Alice,vtuber,Independents,,https://yt3.ggpht.com/61G7PP8zSM93iCcICwU_e3IX1vm1cWZohlprH8B07EAGcWoAYlwKBOs2y6Tp4jYTcLdFPPai7Q=s800-c-k-c0x00ffffff-no-rj,,,,,,0,unknown,[],[],[],2026-07-01T22:28:55.536Z
UCNwo7eikmX5HPs7NedWVBgw,響木アオ-HibikiAo-,Hibiki Ao,vtuber,Independents,,https://yt3.ggpht.com/ytc/AIdro_nkm-sSYukJz-qaYsxBoYCoaoAVrKtH3nqkCSlCb0riR10=s800-c-k-c0x00ffffff-no-rj,,,,,,0,unknown,[],[],[],2026-07-01T22:28:55.536Z
UC22BVlBsZc6ta3Dqz75NU6Q,飯田ぽち。【Iida Pochi.】,Iida Pochi,vtuber,Independents,,https://yt3.ggpht.com/iWFFbPPyYnEqGJ3CkMsYgTkO4Nyu3ZxOLWalrVf5uIw78i-nv3X8nesL-eBmR5L_QJ7VuteN=s800-c-k-c0x00ffffff-no-rj,,,,,,0,unknown,[],[],[],2026-07-01T22:28:55.536Z
UCM2SwvNjA0uH8oc5D0ihSDA,高生紳士,Takao Shinji,vtuber,Independents,,https://yt3.ggpht.com/ytc/AIdro_n6vtZfJd1F8z9BhJTX5BksNaO97MG7QzcgfVY2HEd1v3Q=s800-c-k-c0x00ffffff-no-rj,,,,,,0,unknown,[],[],[],2026-07-01T22:28:55.536Z
UCV5wmu2YD64XF1Y3DDuD-Rw,鬼ノ鈴 燐 - Oninosuzu Rin -,Oninosuzu Rin,vtuber,Independents,,https://yt3.ggpht.com/ytc/AIdro_mZ4YfXfDPZN8mraLgZqgJqlvfU2KhjwB4iOIg4LGVYUyc=s800-c-k-c0x00ffffff-no-rj,,,,,,0,unknown,[],[],[],2026-07-01T22:28:55.536Z
UCLyTXfCZtl7dyhta9Jg3pZg,鬼灯わらべHoozuki Warabe【卒業】,Hoozuki Warabe,vtuber,Nori Pro,,https://yt3.ggpht.com/QUxBOZ26kqXsOt8DpIC36U4J3XGNgqWy2zvZPn7OgMa1f7r3tBT6rXJrDNZdOx29ZShKpbGv=s800-c-k-c0x00ffffff-no-rj,,,,,,0,unknown,[],[],[],2026-07-01T22:28:55.536Z
UCV5ZZlLjk5MKGg3L0n0vbzw,鷹宮リオン / Rion Takamiya,Takamiya Rion,vtuber,Nijisanji,,https://yt3.ggpht.com/ZHg5_1Cm-evUtbOQOnOHfR6qJBW7CKKww2FwLh19_B-dOHqkKYdoVBHgdr-R6b6fVTl2AD04ug=s800-c-k-c0x00ffffff-no-rj,,,,,,0,unknown,[],[],[],2026-07-01T22:28:55.536Z
UCcA21_PzN1EhNe7xS4MJGsQ,하나코 나나 HANAKO NANA,Hanako Nana,vtuber,StelLive,,https://yt3.ggpht.com/zGUz2JcpXrukVnH6p_i2mktbsYXOOWSxIMQ90bGsfbZvc33QMrdEySaUhnQ9gmaQafmaTAIG=s800-c-k-c0x00ffffff-no-rj,,,,,,0,unknown,[],[],[],2026-07-01T22:28:55.536Z
